單詞,詞性,發音,釋義,例句,標籤,地點,備註
□,v.,tuəŋ3,糟蹋,好好底的一鍋兒飯，叫你亂擡調和擡的多～了。,"抽象,",,
□,v.,tuəŋ3,闖禍,看你<這個>眉眼就知道你倒又～下亂兒了。,"抽象,",,
□,v.,tɕʰiəu3,拋擲（石子等較小的物體）,不要荷石子兒～<人家>！,"手部,具象,",,
□,v.,lia4,閒扯,就曉得～閒話，告給你的就一圪絲也不做。,"言語,具象,",,
□,v.,kʰuei4,用牙咬開（硬殼）,鐵鎖天每就坐到炕頭～瓜子，你快說說哇麼。,"食物,嘴部,具象,",,
□,v.,tɕʰiʌʔ5,用棍子等使物體保持斜撐着不倒下,地上灑上把米顆子，荷上根侯棍棍～起羅羅，就等着雀兒過來哇。,"具象,",,
□,v.,tsʌʔ5,（蚜蟲）侵害（莊稼蔬菜）,今年<這個>䵚黍多叫䗣子～了。,"昆蟲,農業,",,
□,v.,ta3,（蟲子等）啃食（毛織品）,白蛾兒把毛衣～了。,"昆蟲,衣物,",,
□,v.,sæ3,（蠕蟲）蠶食（腐肉）,你還要叫蛆兒～了咧。,"昆蟲,",,
□,v.,səu1,（蟲子）從內而外啃食（糧食乾果）,鐵嘴～了豆豆了。,"昆蟲,果蔬,",,
□,v.,tɕʰia4,用手緊箍脖子,你要～煞兀家咧！,"手部,與人交互,",,
□,v.,liəu3,變得不走正道,兀家上了高中就～了。,"抽象,",,
□,v.,xəŋ4,用嚴厲的辦法管，嚴格要求,你在居舍～住些兀家咧麼。,"抽象,",,
□,v.,tsəŋ4,（声音）震耳朵,我就不待見放炮，～煞了。,"具象,",,
□,v.,tsəŋ4,（固體）有了裂縫，開綻,跌了一夥子，跌得骨頭也～着了。,"具象,",,
□,v.,tsəŋ4,支起耳朵,我說的話<你家>們多～住耳朵聽着！,"抽象,",,
□,v.,pʰiʌʔ5,吹牛,～咧哇，你斗大的字也認不得一笸籮還能解開<人家><這個>說的甚？,"言語,",,
□,v.,tsʰɔ4,用饅頭等將食物殘渣清理掉,喫完了擘上半圪墶卷卷把盤盤～了。,"食物,",,
□,v.,səŋ4,（用火柱）通火,火不旺，～～火去。,,段村,
□,v.,tʰiəu3,訓斥,動不動就～孩兒。,"言語,",,
□,v.,tʰiəu3,滑,坡坡上也多有雪咧，一不招架就～倒了。,,,
□,v.,tʂʰɔ1,擡起，翹起,你～起圪墶臉就～着咧？,,,
□,v.,ɕyəŋ3,湊前，擠前,你不聽聽底做你的，～過來做甚咧，湊忙咧？,,,
□,v.,tsɔ3,切,荷上～刀刀～穀穗哇。,"農業,",,
□,v.,pəŋ3,（肌肉）繃緊,泥糊子濺起來了，快～住口。,"身體,",,
□,v.,nɔ3,背,有喫的，沒喫的，顧下一個～腳的。,,,
□,v.,ʐɔ4,扔,甚也能往窯頂上～還能？,,,
□,v.,tsa3,往和硬了的麪裏揉水,,"食物",,
□,v.,tsʰæ1,放在衣服裏,把你<兀一>沓沓錢兒快～的懷懷裏，招護叫瞅見。,,,
□,v.,uæ3,佔着不動,兀家做甚也死蔫圪擦底，就好個～到位位上不起來。,,,聲調存疑
□,v.,ȵiɔ4,放在眼裏，貶義,我～也不～兀家。,,,
□,v.,uʌʔ5,使用餘熱把食物悶熟,～紅薯,"食物,",,
□,v.,uæ3,熟食冷了在鍋裏略加熱,,"食物,",,錄自《平遙方言民俗語彙》
□,v.,zʮ3,使用肢體用力擠軋,麪和的溼了，～上些乾麪進去。,"食物,",,
□,v.,iʌʔ5,暫停,雨～了,"天氣,",,錄自《平遙方言民俗語彙》
□,v.,uæ3,積雪,下了沒陣陣外頭倒～下雪了。,"天氣,",,
□,v.,yʌʔ5,（豬）交配,,"農業,家畜,",,錄自《平遙方言民俗語彙》
□,v.,u4,（馬、驢）交配,,"農業,家畜,",,錄自《平遙方言民俗語彙》
□,v.,tsʰuei3,用鞭子等打,快荷蠅摔子～～身上，看看有多少土咧。,,,
□,v.,tuəŋ1,用縫紉機縫製,,"縫紉,",,錄自《平遙方言民俗語彙》
□,v.,tsʌʔ6,用縫紉機縫製,,"縫紉,",,
□,v.,tsʰɿ4,因摩擦力大而無法移動,～住了。,,,
□,v.,tɕʰiəŋ4,,～不動居舍的孩兒 / <這個>藥輕，～不動我<這個>病。,,,
□,v.,u4,陷,腳也～進泥闔裏了。,,,段村讀平聲
□,v.,tʂəu3,強行要求,,,,
□,v.,ku3,強行要求,,,,
□,v.,tɑ̃4,跨越，邁,兀個水窟窟不寬，一步就～過去了。,,,
□,v.,tɑ̃4,阻擋,叫～住了,,,漢語方言大詞典有“圪擔”：中途發生障礙停頓下來
□,v.,tɕyʌʔ5,呼吸急促,多少時沒啦跑，今日跑了兩步，～煞我了。,,,
□,v.,tɕyʌʔ5,因事情進展慢而着急,兀家做個甚也拿龍捉虎底，～不煞？,,,
□,v.,piɛ3,妨礙（行動）,胳膊也～住了,,,應爲咸山三四等字
□,v.,nzəŋ2,擰,,,,
□,v.,tɕyʌʔ6,（煮熟的麪）粘連,叫我早早底把麪搭出來，倒～到一搭裏了。,,,
□,v.,tsɔ1,剪（羊毛）,,,,錄自《俚語正字音索》
□,v.,tsʰɑ̃4,捆綁物鬆散開,行李繩繩～開了。,,,
□,v.,yʌʔ5,握,你先～住，我搊搊鞋。,,,
□,v.,tʂʌʔ5,挺起（脖子）,你看<我家>孩，五個月脖子就～着硬曾底。,,"段村,杜家莊",
□,v.,tʂʰəŋ3,恭維,,,段村,
噴,v.,pʰəŋ1,長口角炎,天天叫你喝水不喝，還喫上多多待少辣角角，訝，口～了哇。,"疾病,食物,",,
嗔,v.,ʂəŋ1,嫌，責怪,兀家～我甚也不和他說。,"情緒,",,
支,v.,tsɿ1,無接觸地置於下方,今日沒水了，來你～下手，我給你倒圪絲水你瞎胡洗洗哇。,,,
舒,v.,tsʰʮ1,伸,～出手來，我給你個好東西。,"手部,",,
篩,v.,sæ1,加熱（酒）,～上壺壺酒。,"食物,",,
捎,v.,sɔ1,擦着碰到,你騎車子～住<人家>還能也不下去瞅瞅？,,,
捎,v.,sɔ1,顺便给别人带,記得給<你家>三老～上些貢兒。,,,
淊,v.,ŋɑ̃1,淹,夜來雨大咧，道道也多叫～了。,"天氣,水,",,
秧,v.,yə1,種，栽,一年兒這陣陣老見你～蔥兒麼，怎地今年不～了咧？,"農業,",,
賠,v.,pæ2,賠償,～錢兒不頂事，你得替兀家做活咧。,,,
黏,v.,ɳɑ̃2,粘連，膠合,淋下的甜水水不利索些兒搓了等等就～你鞋底子咧。,,,
重,v.,tsuəŋ2,疊，摞,刷刮了就把碗～起，有前手有後手咧麼。,,,
撓,v.,nzɔ2,用撓撓（一種工具）削（厚硬的皮）,喫老冬瓜不能嗔麻煩，得先用撓撓～了皮子咧。,"食物,",,
銜,v.,xɑ̃2,用嘴叼,三貨家的狗兒實在精明咧，人給上圪墶肉兀家就～上圪藏起了，等等再過來問你們要。,,,
畟,v.,ʂʌʔ5,鏟,去～上鍁土把這兒墊墊。,"農業,",,
耩,v.,tɕyə3,鏟,去～上鍁土把這兒墊墊。,"農業,",北首,
耕,v.,tɕiɛ1,用犁翻鬆（土地）,～地,"農業,",,
鋤,v.,sʮ2,用鋤翻鬆（土地）,荷上鋤鋤～地,"農業,",,
砍,v.,kʰɑ̃3,用钁翻鬆（土地）,挕钁子～地,"農業,",,
砍,v.,kʰɑ̃3,扔,快～了個<兀個>哇。,,,
碾,v.,ɳɑ̃4,用碾加工,～穀兒,"農業,",,
漚,v.,ŋəu4,堆積發酵,～糞,"農業,",,
間,v.,tɕiɑ̃4,除去一些（莊稼蔬菜等）使之有間隔,～穀兒,"農業,",,
輾,v.,ɳɑ̃3,軋,照正叫～過去了。,,,
齫,v.,kʰuəŋ3,啃,剗顧抱住穗玉䵚黍～咧。,"食物,",,
冹,v.,pʌʔ6,用冰涼的物體接觸,不要荷上你<兀個>冷手～我。,,,
臠,v.,lyɛ3,用手指擰（皮肉）,看看你，做個甚也生生熟熟底，耍麼還能給<人家>～下圪節黑青。,,,
反,v.,xuɒ̃3,（小孩）鬧騰,這孩兒～得還怕咧，真真就跑過來跑過去沒個停歇。,,,
適,v.,ʂʌʔ5,把握,你要多少鹹鹽來你自家抬哇，我～不住。,,,
野,v.,iɛ3,遺漏,呀，我把要給咱媽荷的東西也～到炕上了。,,,
費,v.,ɕi4,消耗,不用的燈就湊住關了咧麼，開着叫～電咧？,,,
挽,v.,uɒ̃3,拔（草）,把兀頭起的草們多～了，可院裏長下這來多像個甚咧。,"農業,",,
惹,v.,ʐʅɛ3,傳染,這圪墶破還～人咧。,"疾病,",,
過,V.,kuei4,動身,說下三點去<人家>行麼，倒五十了，快～哇。,,,
撮,v.,tsʰuʌʔ5,用簸箕、鐵鍬等（將成堆的物體）剷起,搕𢶍我掃起了，你等等尋見簸箕了記得～了。,,,對比保德汾陽忻州方言可知
信,v.,ɕiəŋ4,由於溺愛而放任,你就～兀家哇，天每好喫好喝貢獻上，就叫在居舍軃着。,,,
覺,v.,tɕyʌʔ5,發覺,<人家>把<你家>行甚也荷上走了你也不～。,,,
揣,v.,suæ3,摸,把手舒進布袋袋～～，看看自家還有幾塊錢咧還敢學<人家>們耍錢兒。,,,
跌,v.,tiʌʔ5,（大塊的有分量的東西）掉落,餅子～到地上了。,,,
落,v.,lʌʔ6,（細碎的東西）掉落,不要把圪籸籸～到地上。,,,
許,v.,ɕy3,承諾,你要～下麼，正番又反悔了？,,,
紮,v.,tsʌʔ5,把要送的東西換成相應價值的錢幣,快不用送兀家東西了，尋不下個得手的，～成錢兒哇。,,,
喘,v.,suɒ̃3,大口急促呼吸,兀家肉得爬個樓還～得真真底。,,,
探,v.,tʰɑ̃4,伸手或用杆等夠,盆盆放得太高了，我～不住。,,,
㓋,v.,tɕyəŋ4,凝成膠質,不要着急把肉湯湯倒了，等～成糊蠟了纔好喫咧。,"食物,",,
坌,v.,pəŋ4,（沙土）進了眼,騎車子動沒啦戴眼鏡鏡，～了眼了。,,,
尋,v.,ɕiəŋ2,找,給我～一下我的鞋哇？我要出門子咧。,,,
砌,v.,tsʰei4,拼接,給<我家>孩買上些兒積木叫耍哇，<我家>孩～得好咧。,,,
摔,v.,suʌʔ5,打,你<這個>孩兒真真不聽說，起了火～你兩摑。,,,
掕,v.,ləŋ2,打,～摑子,,,
揳,v.,ɕiʌʔ5,打,你再花子氣我一圪都就～將你去了。,,,
搗,v.,tɔ3,擊，打,你下氣兒～門子，要了兀家聽不見。,,,
躡,v.,ɳʌʔ6,動作激烈地玩鬧,孩兒們，不敢可街上～，不叫<人家>車子們車們走了？,"小孩,",,
拈,v.,ȵiɛ2,撿,自家跌下去的自家～起來。,,,
害,v.,xæ4,得（病）,招架～上癩破。,"疾病,",,
照,v.,tʂɔ4,看管，看守,你說<兀個>樓闔裏有甚寶咧，看看顧下多少人明晝黑夜底～着。,,,
攏,v.,luəŋ3,梳,～～頭髮哇，對了倒出門子咧唅。,,,
䊲,v.,suɒ̃3,反復摩擦,我的鞋穿見不得手，半天就把腳～破了。,"農業,",,
瞭,v.,liɔ4,探望,你要～就前晌～～<人家>去，後晌可得手了。,,,
餾,v.,liəu4,復蒸加熱（熟食）,晌午記得～上兩個合碗子，今日破五，喫圪絲好的。,,,
展,v.,tʂɑ̃3,躺下休息,盡忙了一黑夜了，看你連站也站不穩了，快去炕上～～哇。,,,
裹,v.,kuei3,包裹,荷圪墶被單子～住些毛孩，招架出去了涼了的。,,,
揧,v.,lʌʔ6,粗磨,～上把把窩窩面。,"農業,",,
誤,v.,u4,耽擱,快起，不敢～了上書房。,,,
陷,v.,xɑ̃4,陷入,肉的你的眼多～進闔裏去了。,,,
砑,v.,ȵia4,碾壓,荷根擀杖～得再爛些兒。,,,
壓,v.,ŋʌʔ5,從上面加力,本本不～住些一陣陣就吹上跑了。,,,
燒,v.,ʂɔ4,褪色,衣裳曬得多～了。,"衣物,",,
蹋,v.,tʌʔ6,蹬踏,好好底就～咾我一腳。,,,
繳,v.,tɕiɔ5,（用鐵絲等）纏繞,門子叫鐵絲～住了，荷把老虎鉗子過來。,,,
緊,v.,tɕiəŋ3,在開水裏煮一下（肉）,～一下肉,"食物,",,
炒,v.,sɔ3,做（貢菜）,～下貢菜貢獻到爺爺頭。,"食物,神鬼,",,
潲,v.,sɔ4,（雨水）斜下淋到被遮盖的地方,日怪咧，苫得嚴把底也能叫雨～住。,,,
唵,v.,ŋɑ̃3,以手覆物入口,<我家>孩道道上飢了就～上口𪎊麪唅。,"食物,",,
剆,v.,lei3,触碰,我寫仿兒咧，你可不要～我咹。,,,
槎,v.,tsa3,剁,得荷把重刀兒咧，不了～不動這圪墶大骨頭。,,,
灠,v.,lɑ̃3,（使柿子）斷澀變熟,這些柿子還得～咧，現在喫肯保澀巴巴底。,"食物,",,
繒,v.,tsəŋ4,用繩子等紮（口袋）,～緊袋袋，道上剪得跌了咧。,,,
衿,v.,tɕiəŋ1,繫,～住鞋帶帶，遢邋澥水底像個甚咧。,"衣物,",,
寡,v.,kua3,假客氣,不用和我～，說正經的哇。,,,
擇,v.,tʂʌʔ6,挑揀（蔬菜）,～了這茇蔥兒。,"食物,",,
掯,v.,kʰəŋ4,強迫，刁難,多隨上只眼，照護叫拉黑牛牛的～住你。,,,
炕,v.,kʰuə4,在炕上用炕火的溫度加熱（食物）,今年沒啦炕上些棗兒？,"食物,",,
站,v.,tsɑ̃4,圈養,把羊子～進圈圈裏。,"畜牧,",,
圈,v.,tɕʰyɛ3,關起來,狗兒麼還能就～到居舍不叫出去？,"畜牧,",,
飲,v.,iəŋ4,餵水,今日不敢忘了～羊子咹。,"畜牧,",,
䠪,v.,tuɒ̃4,緊跟,～住兀家，不敢尋不見道道了。,,,
攝,v.,ʂʌʔ5,照相,來我看看，你頭前～上我了？,,,
擘,v.,piʌʔ5,用手把整個的東西分成兩半,衰得我連個蘋果也～不開了。,,,
濯,v.,tʂʌʔ6,漂洗,衣裳～了捩了纔能搭咧。,"衣物,",,
踅,v.,ɕyʌʔ6,按照理想目標尋找,你半天不走，可這兒脫兒過來脫兒過去，～甚着咧？,,,
謴,v.,kuəŋ4,囂張得意，貶義,荷咾個頭一名，看看～得兀家多不知道姓甚了。,,,
舍,v.,ʂʅɛ3,拋棄,三狗是個孝順順，做不出<兀個>～下老人獨自家去外頭的事。,,,
潑,v.,pʰʌʔ5,沖泡,去給<你家>大爺～上鉢鉢茶葉水。,"食物,",,
剪,v.,tɕiɛ3,被施加向上的瞬時力後彈起,這圪截路路甩得厲害，抓住些，～出你去咧。,,,
苫,v.,ʂɑ̃4,用布等覆蓋,看見這張桌子異眉怪眼底，荷圪墶布兒～住些哇。,,,
趏,v.,kuʌʔ5,速度較快、里程較遠地走,我說麼兩天不見兀家了，<人家>倒～到新疆去了。,,,
捾,v.,uʌʔ5,用勺子等從一團固體中分離出一小塊,從盆盆裏～上圪墶肉叫今晌午喫。,,,
受,v.,ʂəu4,勞作，受累,天天這底個沒歇緩，還要受得不對了咧。,,,
拔,v.,mʌʔ6,用手拉出，抽出,下氣兒下的大了，刀子扎進去～不出來了。,,,
㧁,v.,kʰʌʔ5,關（門窗）,第明有忽雷雨咧，怎地也～住窗子唅。,,,
謀,v.,mu4,想,～下個楷楷了。,,,
背,v.,pæ4,避開,～轉些兒喫，不敢叫孩兒看見。,,,
攮,v.,nzuə3,推,～我做甚咧？,"手部,",,
拏,v.,nzua2,抓,我～藥去咧。,"手部,",,
揭,v.,tɕiʌʔ6,兩端變成一高一低的狀態,你坐熨帖，招架～了的。,,,
喃,v.,nzɑ̃2,嘟囔,～～～，～～～，～甚咧你。,"言語,",,
喃,v.,nzɑ̃2,嚼,上課動口裏不要～東西。,"食物,",,
蒸,v.,tʂʅ1,蒸,你就不是<兀個>～饃饃的火竈。,"食物,",,
悶,v.,məŋ4,浸泡,乾粉喫動得圪～給一下。,"食物,衣物,",,
焐,v.,uʌʔ5,密閉使空間熱而不透氣,看見米湯闔裏的豆豆還硬着咧，蓋住鍋拍叫～着哇。,"食物,天氣,",,
沙,v.,sa4,篩選,把好的～出來，剩下的爛了的就砍了哇。,,,
旋,v.,ɕy4,用旋旋（一種工具）旋（鉛筆）,三點考試咧，兩點五十纔～鉛筆咧，看看<人家>你。,,,
鵮,v.,tɕʰiɑ̃1,啄,結下的葡萄沒啦遮網，多叫雀兒～得爛臢臢底了。,"鳥類,農業,",,
噙,v.,tɕʰiəŋ4,含着（液體）不咽下,不要咽下去，在口裏圪～圪～。,,,
紡,v.,xuə3,將絲、麻、棉等抽成線紗,～花織布,"衣物,",,
䌥,v.,iəŋ3,用大針縫（被子棉襖等），從外看不出針顆,辦動兀天，前晌就有幾個婆姨在當院裏～被子咧。,"婚禮,衣物,",,
敹,v.,liɔ2,縫起衣物的邊,瞎胡～上兩針跌不開倒對了唅。,"衣物,",,
該,v.,kæ1,欠,～下我兀些子錢兒，還敢不要皮臉來<我家>行來？,"錢財,",,
短,v.,tuɒ̃3,欠（動作）,～捱打的咧。,,,
短,v.,tuɒ̃3,缺少（人或者物）,～着三個人。,,,
惱,v.,nɔ3,生氣,怎地和你好好說咧麼，你倒～了？,"情緒,",,
剜,v.,uɒ̃1,用刀挖取,克喜底個不超淘，在<人家>桌桌上～了個窟窿。,,,
軃,v.,tʰei3,下垂,被子也多～的地上了。,,,
軃,v.,tʰei3,躺,在牀子上～着咧。,,,
烹,v.,pʰəŋ1,在菜上澆熱油,荷油～一下。,,,
搋,v.,tsʰæ1,用頭頂撞,你消停些，招架羊子～你的。,,,
搋,v.,tsʰæ1,撞擊（麪、麪籺等）,麪籺蒸出來以後了，蘸上點點油，就荷上錘頭子～哇。,"食物,",,
扣,v.,kʰəu4,打翻容器使內容物倒出來,手顫得把洗衣粉也～了。,,,
扯,v.,tʂʅɛ3,買（布匹）,過年就～圪墶布兒，給孩兒們一人做一件件新衣裳。,,,
豁,v.,xuʌʔ5,剪出口子,荷剪子～開個口子才好撕開咧。,,,
撲,v.,pʰʌʔ5,身上起疹子，传统认为是内毒外显。,～起一身顆子。,"疾病,",,
解,v.,xæ4,理解,有的外路家說的<兀個>話也不好～咧。,,,
解,v.,ɕiɛ4,理解,你怎地甚也～不開？,,,相較 xæ4 低頻
捱,v.,næ2,捱打,想～打咧？,,,
捱,v.,ȵiɛ2,捱打,想～打咧？,,,相較 næ2 低頻
解,v.,tɕiɛ3,解開,你衿成死圪墶了<兀個>還能～開？,,,
解,v.,kæ3,解開,把鞋帶帶～開,,,相較 tɕiɛ3 低頻
傗,v.,tsʰuʌʔ5,亂纏繞,線也多～成一圪墶了。,"衣物,",,
傗,v.,tsʰuʌʔ5,使變皺,刷刮動間了把袖袖～起，照護溼了。,"衣物,",,
擦,v.,tsʰʌʔ5,做（麪茶油茶等）,～茶茶,"食物,",,
莏,v.,sua1,擼,～起袖子，做甚就得有做甚的樣樣咧麼。,"衣物,",,
護,v.,xu4,用得着（人）,做這口飯～不住兩個人，<你家>們做別余的去哇。,,,
漸,v.,tɕiɛ4,染（指甲）。傳統是將鳳仙花搗成漿後塗在指甲上，自然晾乾後指甲就染紅了。,～指甲,"身體,",,
捧,v.,pʰəŋ3,不從正下方給力而向上托住,窯兒就是靠周圓的磚給～住了。,,,
捧,v.,pʰəŋ3,由於氣壓差而向上托住,氣～住了。,,,
嚼,v.,tɕyʌʔ6,咀嚼,～爛了再餵孩兒。,"食物,",,
嚼,v.,tɕyʌʔ6,（老鼠）啃食,喫的多叫蛄兒～了。,"食物,",,
涼,v.,luə2,着涼,你穿這來少，～了你我各不管。,"天氣,",,
涼,v.,luə4,把熱東西放一會兒，使溫度降低,～～再喫，燒人咧。,"食物,",,
克,v.,kʰʌʔ5,感動，使心甘情願付出,就張三能～動李四了。,"情緒,",段村,
閃,v.,ʂɑ̃3,（燈泡）通電不亮,廚房的燈～了這夤時也不見你提明換個。,,,
㷹,v.,tsɔ4,把（蔬菜）放入開水略煮,把青菜～一下，淋上點醋。,"食物,",,萬榮讀 tsɑu
搽,v.,tsa2,塗抹,～上圪絲眼藥就好了。,"疾病,",,
搽,v.,tsa4,封堵,說是西面子查見有人惹上新冠了，今日清早晨汽道就叫～住了。,,,汾陽讀 tsʰa2
槧,v.,tɕʰiɛ1,切，削砍,荷棗刀刀～穀穗。,"農業,",段村,
縻,v.,mei4,將（牲口）繫在木樁上,你把羊子～住了？,"畜牧,",,
謄,v.,təŋ2,轉錄，抄寫,我們兀陣陣買不起書，多是問<人家>借下～到本本上看咧。,,,
騰,v.,təŋ2,空出來,這兒～不出空空來，太窄憋了舒不開手。,,,
朝,v.,tʂʰɔ2,搭理,我～也不～兀家。,,,
滾,v.,kuəŋ3,沸騰,水～了就能下米了。,"食物,",,
滾,v.,kuəŋ3,使沸騰,我先～水去，等等再和你道讗。,"食物,",,
羞,v.,ɕiəu1,不好意思,說得<人家>～起了。,"情緒,",,
渎,v.,tuʌʔ6,從底部開口放出（液體）,把水～出來。,"水,",,
敵,v.,tiʌʔ6,匹敵,我還能～上兀家？,,,
嗅,v.,ɕyəŋ4,嗅,～煙,,,
挅,v.,tuei1,摔,是你把這～壞了哇。,,,
押,v.,ŋʌʔ5,抵押,你把身份證～到這兒哇,,,
咬,v.,ȵiɔ3,供出（同謀）,你沒啦～出我來哇。,,,
側,v.,tsʌʔ5,支起（耳朵）,我說的話<你家>們多～住耳朵聽着！,,,
克,v.,kʰʌʔ5,消化,喫得～不動了哇。,,,
射,v.,ʂʌʔ6,（人或動物）蓄力彈出,<我家>行狗兒見了我就～過來了。,,,
射,v.,ʂʌʔ6,主動請纓或顯擺自己，含貶義,<人家>誰也不想應承麼，怎地就你～出來咧？,,,
剆,v.,lei3,打,你怎地個～着兀家了咧？,,,
茜,v.,tɕʰiɛ4,使（蔬果）變紅,洋柿子摘下来，放两天就～得红了。,"農業,",,
對,v.,tuæ4,碰運氣,教學生<兀個>得～咧，～上個不精明的氣不煞你<時間>地。,,,
㬤,v.,tɕʰiʌʔ5,（地面）變干,刚下完雨，地还没啦～咧，快先不用去的咧。,"天氣,",,『廣韻』：去急切，欲燥
破,v.,pʰei4,豁出去，賭上,我～上居舍多不管了也要供<我家>孩上學咧。,,,
影,v.,i3,擋,你～得我黑盺底，甚也看不見。,,,
舔,v.,tʰiɛ3,（衣魚）啃食（書本絲綢等）,壁魚兒把綢子和書多～了。,"昆蟲,衣物,",段村,
扮,v.,xæ3,碰，多指動作會對人造成妨礙，含責備義。,你就要～我咧，～得米湯也扣了。,,,『集韻』：虎買切，亂也
藏,v.,tɕyə2,隱蔽，收存,快，～起不敢叫兀家瞅見。,,,
抬,v.,tæ2,使（自己的身體部位）升高,抬起胳膊，我好好給你搶搶圪針間。,"身體,",,
抬,v.,tæ2,收存,我<兀個>錢兒你先給我～起哇，甚番我用着了過來問你荷來就對了唅。,,,
抬,v.,tæ2,添加（調味品等）,飯闔裏不～醋就不能喫麼！,"食物,",,
搶,v.,tɕʰyə3,奪取,我的包包也叫強盜～上走了。,,,
搶,v.,tɕʰyə3,反復用力搓,今日你給我～～背哇？,"身體,",,
相,v.,ɕyə1,親自看（是否中意）,你～下了？,,,
忙,v.,mɔ2,做事，工作,你這向～甚咧？,,,
擋,v.,tuə3,遮蔽,你～得我甚也瞅不見了。,,段村,
燙,v.,tʰuə4,用熱的物體使另外的物體起變化,我誤閃挨了下鍋兒，立旦就叫～下個泡兒。,,,
量,v.,luə2,用器物計算東西的多少或長短,你斅～～，沒啦短下你的。,,,
妨,v.,xuə2,使遭受噩運,～煞道草,,,
晃,v.,xuə4,閃耀，使失去清晰視覺，使人目眩,你<兀個>手電～煞我了！,,,
放,v.,xuə4,同普通話放,走，廝跟上～花兒火去哇？,,,
攆,v.,ȵiɛ3,驅趕,我把人們多～上走了。,,,
攆,v.,ȵiɛ3,追趕,你能～上<人家>了？,,,
揢,v.,tɕʰia1,用手臂抱在懷裏,你～住孩兒，我瞅瞅水去。,"小孩,",,
揢,v.,tɕʰia1,生（孩子）,兀家～了兩個孩兒了。,"小孩,生育,",,
擺,v.,pæ3,揉洗,～～布兒去哇，看看褿成甚了咧。,"衣物,",,
扔,v.,ər3,丟棄，捨棄,～了哇，不要了。,,,
覺,v.,tɕiɔ4,醒,老婆子叫她孫子刺惱~來了。,,,
刀,v.,tɔ1,拿，一般用於拿錯的情況。,錯～了。,,,
兌,v.,tuæ4,消耗自己的一物換掉別人的一物,你要真有本事就和兀家～了命，要了就不要在這兒說了。,,,
磑,v.,uæ2,挪（重物）,把水甕～轉,,,
磑,v.,uæ4,（用屁股）壓,一㞘子～煞你,,,
撲,v.,pʰʌʔ5,本意不詳，用於表示倒楣,真真～着了。,,,
扁,v.,pɑ̃3,平着放,把牀牀～轉就能放進去了。,,,
笡,v.,tɕʰiɛ4,斜着錯開,這兒窄憋得死咧，得～着身子纔能捩調開。,,,
笡,v.,tɕʰiɛ4,頭倒置引起的不適之感,,,,錄自《平遙方言民俗語彙》
熻,v.,ɕiʌʔ5,在爐火邊上烤（食物）,冬天外頭冷冷清清底，在居舍～上圪節紅薯真真美活盡了。,"食物,",,
爐,v.,ləu2,用鏊子烤（食物）,今日不想喫饃饃了，～火燒哇。,"食物,",,
承,v.,ʂʅ2,承受,你<這個>是㨂亂兒咧，兀家<兀個>矦骨頭頭能～住你這底個打。,,,
呡,v.,miəŋ4,在口裏舔着喫,兀家時時分分口裏～着圪墶糖。,,,
呡,v.,miəŋ4,淺啜,汾酒得圪～咧，不敢咕咕底喝。,,,
墩,v.,tuəŋ1,（用墩布）拖地,,,,
抱,v.,pu4,用手臂圍緊,,,,
躺,v.,tuə3,身體橫倒,,,,
眊,v.,mɔ1,偷看,,,,
眊,v.,mɔ1,探望,,,,
拽,v.,tsuæ4,,,,,
枉,v.,uə3,,,,,
扭,v.,ɳəu3,,,,,
拗,v.,ŋɔ3,,,,,
抳,v.,nzɿ2,,,,,
捋,v.,lyʌʔ6,,,,,
捋,v.,lyʌʔ6,霧傷禾,霧～了,,"天氣,農業,",錄自《平遙方言民俗語彙》
弄,v.,luəŋ4,,,,,
撧,v.,tɕyɛ1,,,,,
挼,v.,nuei3,,,,,
擩,v.,zʮ3,,,,,
捩,v.,liʌʔ6,,,,,
揚,v.,yə2,,,,,
簸,v.,pei3,,,,,
劁,v.,tɕʰiɔ1,,,,,
搓,v.,tɕʰiɛ1,,,,,
揩,v.,tɕʰiɛ1,,,,,
攬,v.,lɑ̃3,再娶,,"婚事,",,
攬,v.,lɑ̃3,後妻接管前妻的子女,,"婚事,",,
問,v.,uəŋ4,初聘,,"婚事,",,
辦,v.,pɑ̃4,特指舉辦婚禮,,"婚事,",,
培,v.,pæ2,葬,這是<誰家>行又～人咧？,"喪事,",,
止,v.,tsɿ3,熄滅祭祀時點的蠟燭,,"神鬼,",,
搭,v.,tʌʔ5,用笊籬把麪從鍋裏撈出,～麪,"食物,",,
打,v.,ta3,把冷的熟食在蒸籠裏略微加熱,,"食物,",,
打,v.,ta3,做（月餅、餅子）,,"食物,",,
溫,v.,uəŋ1,熟食冷了在鍋裏略加熱,,"食物,",,
燣,v.,lɑ̃2,,,,,
漤,v.,lɑ̃3,,,,,
燒,v.,ʂɔ1,炒,～肉,"食物,",,
燒,v.,ʂɔ1,做（火燒）,,"食物,",,
攤,v.,tʰɑ̃1,在鏊子上烤（糊狀的麪）,,"食物,",,
料,v.,liɔ4,用水沖洗（菜、米等）,這些兒蘋果看見淨，<兀個>也得～了再喫咧。,"食物,",,
料,v.,liɔ4,照料,天每剗顧着～孩兒了。,"小孩,",,
和,v.,xuei2,在粉狀物中加水攪拌揉弄使粘在一起,～麪,"食物,",,
疊,v.,tiʌʔ6,往和好的麪中揉幹麪,～幹麪,"食物,",,
調,v.,tiɔ2,把乾麪粉加少量的水攪勻成糊狀,,"食物,",,
起,v.,tɕʰi3,讓和好的麪發酵,麪～了沒啦？,"食物,",,
消,v.,ɕiɔ1,（冰雪）融化,院裏的冬凌～了？,"天氣,",,
着,v.,tsuʌʔ6,被接觸施加影響,叫你不荷傘兒，～了雨了哇？,"天氣,",,
耪,v.,pʰəŋ3,用大鋤耪地裏的草,～地,"農業,",,錄自《平遙方言民俗語彙》
剜,v.,uɒ̃1,用鍬把地翻鬆,～地,"農業,",,錄自《平遙方言民俗語彙》
配,v.,pʰei4,（狗、貓、兔）交配,,"農業,家畜,",,錄自《平遙方言民俗語彙》
攆,v.,ȵiɛ3,（羊）交配,,"農業,家畜,",,錄自《平遙方言民俗語彙》
騸,v.,ʂɑ̃4,閹割（馬）,,"農業,家畜,",,
膏,v.,ŋɔ4,把油抹在車軸或機械上,往車上～油,"交通,",,
馱,v.,tei2,用牲口馱運,,"交通,家畜,",,
堰,v.,iɛ4,用磚塊等墊到車輪前後使車不能移動,～住些兒車，要了出溜下去了。,"交通,",,
絮,v.,ɕy4,在衣服、被褥裏鋪絲棉、棉花等物,～褥子,"縫紉,",,
結,v.,tɕiʌʔ5,針織,～毛衣,"縫紉,",,
絞,v.,tɕiɔ3,剪,,"縫紉,",,
繰,v.,tɕʰiɔ1,,～邊邊,"縫紉,",,
滾,v.,kuəŋ3,,～邊邊,"縫紉,",,
沿,v.,iɛ2,,～邊邊,"縫紉,",,
緝,v.,tɕʰiʌʔ5,,～鞋口,"縫紉,",,
納,v.,nʌʔ6,,～鞋底,"縫紉,",,
綴,v.,tsuei4,,～釦釦,"縫紉,",,
彈,v.,tɑ̃2,,～棉花,"紡織,",,
彈,v.,tɑ̃2,抬高（腿）,～起腿,,,
紡,v.,xuə3,,,"紡織,",,
片,v.,pʰiɛ4,用刀割成薄片,,,,
墁,v.,mɑ̃4,用磚鋪地面,～腳底,"建築,",,
𥻇,v.,tɕiɑ̃3,使用砂浆把砖砌成整体,～磚,"建築,",,『集韻』：古斬切，博雅塗也
摋,v.,sæ3,抖,,,,『集韻』：師駭切，擺摋抖擻也
迸,v.,piɛ4,斷裂開綻,～開綻綻,,,
定,v.,ti4,（傷口）結痂,～下痂痂了,"疾病,",,
搊,v.,tsʰəu1,提,～褲兒,,,
整,v.,tʂʅ3,使有序,把錢兒～～再裝起。,,,
升,v.,ʂʅ1,向上起,～起來,,,
盛,v.,ʂʅ2,將東西放進容器,～飯,"食物,",,
睜,v.,tʂʅɛ1,張（眼睛）,,,,
生,v.,ʂʅɛ1,使（豆）發芽,～豆芽,"食物,",,
生,v.,ʂʅɛ1,地表生水,～水,,,
志,v.,tsɿ4,測量起麪裏加的鹼的大小,荷上圪墶志蛋蛋黏到鍋拍～～。,"食物,",,
屙,v.,ŋiɛ1,排泄（大便）,兀家又～去了？,,,
呵,v.,xei1,,,,,
脹,v.,tsuə4,,,,,
騎,v.,tɕi2,,,,,
刺,v.,tsʰɿ4,切,～菜,"食物,",,錄自《現代晉語的研究》
捉,v.,tsuʌʔ5,騙取錢財,正番<這個>人心多壞了，一不招架就叫人～了。,,,
擤,v.,sei3,捏住鼻子，用氣排出鼻涕,,,,
餵,v.,y4,將食物送進人的嘴裏,,,,
餵,v.,y4,飼養,,,,
擠,v.,tsei3,,,,,
踒,v.,uei1,扭傷,,,,
崴,v.,uæ3,扭傷（腳）,,,,
羅,v.,lei2,用羅過濾,,,,
累,v.,luei4,拖累,,,,
嘗,v.,suə2,辨別味氣,,,,
略,v.,lyʌʔ6,摸透（性格）,我倒～住兀家了。,,杜家莊,
愁,v.,səu2,發愁,,,,
呟,v.,tɕyɛ3,罵,,,,
養,v.,yə3,生育,,,,
映,v.,i4,由於光線照射而顯出,～鏡兒,,,
揞,v.,ŋɑ̃3,,,,,
淊,v.,ŋɑ̃1,,,,,
煠,v.,sʌʔ6,,,,,
轉,v.,tsʰuɒ̃4,消化,,,,
閉,v.,pi4,憋（氣）,～住氣,,,
漾,v.,yə4,（小孩）吐（奶）,,"小孩,食物,",,
撣,v.,tsɑ̃3,,,,,
𨃳,v.,nzəŋ2,踮,蹅上個杌杌，～起腳，你就瞅見了。,"腳部,具象,",,
活,v.,xuʌʔ5,有外遇,外頭～着人咧。,,,
掬,v.,tɕyʌʔ5,兩手合在一起捧物,～的把把土來,"手部,具象,",,
攉,v.,xuʌʔ5,潑（水）,,,,
步,v.,pu4,用步子丈量，多用於重疊式,,,,
罅,v.,xa1,打開一條小縫,,,,
嚇,v.,xa4,使害怕,,,,
下,v.,xa4,投入,想掙錢兒就得～苦咧。,,,
釘,v.,ti4,,,,,
錮,v.,ku4,熔鑄銅鐵來填塞孔隙,,,,
判,v.,pʰɑ̃4,評定，批閱,～作業,,,
拍,v.,pʰiʌʔ5,吹牛,,"言語,",,
撐,v.,tʂʰa3,使張開,～開口子,,,
泥,v.,ȵi4,用泥抹,,,,
替,v.,tʰi4,換,～了衣裳哇快，等等些要來人咧。,,,
揀,v.,tɕiɑ̃3,挑,,,,
跪,v.,kʰuei4,,,,,
祭,v.,tsei4,祭祀,～乾骨,,,
隨,v.,ɕy2,隨身拿着,你～着零錢兒咧不？,,,
可,v.,kʰiɛ3,（病）程度减轻,你～了些了没啦？,,,
澥,v.,xæ4,加水使糊狀物或膠狀物變稀,,,,
賀,v.,xei4,宣揚，到處說,還沒影兒的事情，你倒出去～下多少了。,,,
努,v.,nəu3,摒住呼吸用力,,,,
膗,v.,tsʰuæ4,下垂，不緊緻,這頭起多～下來了。,,,
折,v.,tʂʌʔ5,收在一個容器,把這兩碗湯～到一搭裏哇。,,,
刏,v.,kuæ1,磨（鈍刀）使鋒利,,,,
刏,v.,kuæ1,使（毛筆）在硯臺上蘸墨汁,,,,
刏,v.,kuæ1,用手指關節抵在腦門上旋轉，用於逗小孩,小時候鐵兒老老見了我就～我，我大怕兀家上<我家>行來咧。,"小孩,手部,",,
洇,v.,iəŋ4,（液體）在紙、布中向四外散開或滲透,,,,
蹅,v.,tsa1,踩在椅子等上面,你探不住，～上個牀牀哇。,,,
灱,v.,xɔ1,通過加熱將油從肉中分離,餾合碗子動了多蒸上陣陣，把油多～出來才好喫。,"食物,",,
㓋,v.,tɕyəŋ4,（液體）凝成膠質,肉湯湯～住喫纔好喫咧。,"食物,",,
潷,v.,pi3,擋住渣滓或泡着的東西，將液體輕輕倒出,,,,
鞔,v.,uɒ̃3,給鞋蒙白布,～鞋,"喪事,",,
娶,v.,tsʰʌʔ5,娶,,"婚事,",,
㧻,v.,tuʌʔ5,指，戳,,,,
蹾,v.,tʰuəŋ1,猛地往下放，着地很重,～着腳了。,,,
噦,v.,ya3,乾嘔,,,,
掖,v.,iʌʔ5,塞,把被子～住些。,,,
牮,v.,tɕiɛ4,,柱子低了～起來,,,
捏,v.,ȵiʌʔ6,,你手裏～着甚咧？,,,
拔,v.,mʌʔ6,拉，拽,～出刀兒來做甚咧你。,,,
攔,v.,lɑ̃3,檔，遮,有茇樹兒～住我了，看不見。,,,錄自《平遙方言民俗語彙》
荷,v.,xei3,拿,出門子動記得～上東西。,,,
挪,v.,nei2,移動,,,,
改,v.,kæ3,戒除,我～了煙了，<人家>醫生不叫喫了。,,,
□打,v.,ʂɑ̃3 ta3,訓斥,,,段村,
㧻打,v.,tuʌʔ5 ta3,標記,你～住些兒，不敢忘了。,,,
撣打,v.,tɑ̃3 ta3,撣,,,,
抖打,v.,təu3 ta3,抖,,,,
逗打,v.,təu4 ta3,,,,,
踢打,v.,tʰiʌʔ5 ta3,,,,,
跑打,v.,pʰɔ3 ta3,,,,,
荷打,v.,xei3 ta3,,,,,
吹打,v.,tsʰuei1 ta3,（樂班）演奏,,,,
吹打,v.,tsʰuei1 ta3,吹牛拍馬,,,,錄自《平遙方言民俗語彙》
敲打,v.,tɕʰiɔ1 ta3,（樂班）演奏,,,,
敲打,v.,tɕʰiɔ1 ta3,警告,,,,
剆打,v.,lei3 ta3,,,,,
搗打,v.,tɔ3 ta3,,,,,
拍打,v.,pʰiʌʔ5 ta3,,,,,
挅打,v.,tuei1,摔,,,,
挅打,v.,tuei1,歷練,兀家還小咧還，叫出去～去哇。,,,
扇拍,v.,ʂɑ̃1 pʰiʌʔ5,慫恿,,,,
苫拍,v.,ʂɑ̃4 pʰiʌʔ5,蓋住,,,,
苫拍,v.,ʂɑ̃4 pʰiʌʔ5,遮掩,,,,
□拍,v.,təu4 pʰiʌʔ5,使通風，使氣味等消散,,,,
疊拍,v.,tiʌʔ6 pʰiʌʔ5,疊,,,,
捉拍,v.,tsuʌʔ5 pʰiʌʔ5,哄骗,,,,
垛拍,v.,tuei4 pʰiʌʔ5,疊放,,,,
垛拍,v.,tuei4 pʰiʌʔ5,性交,,,,錄自《現代晉語的研究》
藏拍,v.,tɕyə2 pʰiʌʔ5,隨意藏起來,,,,錄自《現代晉語的研究》
揚拍,v.,yə2 pʰiʌʔ5,宣揚,,,,錄自《現代晉語的研究》
吹拍,v.,tsʰuei1 pʰiʌʔ5,吹牛,,,,
按拍,v.,ŋɑ̃4 pʰiʌʔ5,平息,,,,
砸拍,v.,tsʌʔ6 pʰiʌʔ5,（用重物）砸且蓋住,兀家挖窖兒動叫～住了,,,
晾拍,v.,luə4 pʰiʌʔ5,,,,,
□擦,v.,tuəŋ3 tsʰʌʔ5,使（環境）混亂,,,,
拍擦,v.,pʰiʌʔ5 tsʰʌʔ5,,,,,
做擦,v.,tsuʌʔ5 tsʰʌʔ5,,,,,
說擦,v.,suʌʔ5 tsʰʌʔ5,,,,,
抹擦,v.,mei3 tsʰʌʔ5,,,,,
哭擦,v.,kʰuʌʔ5 tsʰʌʔ5,,,,,
鬧擦,v.,nɔ4 tsʰʌʔ5,,,,,
買擦,v.,mæ3 tsʰʌʔ5,,,,,
㞘擦,v.,tuʌʔ5 tsʰʌʔ5,挪着屁股走,,,,
㞘擦,v.,tuʌʔ5 tsʰʌʔ5,往後退縮,,,,
荷擦,v.,xei3 tsʰʌʔ5,,,,,
溫擦,v.,uəŋ1 tsʰʌʔ5,好歹熱一下,,,,錄自《現代晉語的研究》
□架,v.,piɛ3 tɕia4,妨礙（行動）,要不是桌子～住，早就撲到跟前了。,,,錄自《平遙方言民俗語彙》
撐架,v.,tʂʰa3 tɕia4,接話，承接,,,,
炫架,v.,ɕyɛ4 tɕia4,慫恿,,,,
探架,v.,tʰɑ̃4 tɕia4,探,,,,
喫架,v.,tʂʌʔ5 tɕia4,承受,,,,
爬架,v.,pa2 tɕia4,麻將聽牌,,,,
凳架,v.,təŋ4 tɕia4,凳,,,,
攬架,v.,lɑ̃3 tɕia4,攬,,,,
馬架,v.,ma3 tɕia4,使人坐在肩上,,,,
催架,v.,tsʰuei1 tɕia4,,,,,
招架,v.,tʂɔ1 tɕia4,承受,,,,
招架,v.,tʂɔ1 tɕia4,小心,,,,
落架,v.,lɔ4 tɕia4,落在高處,羽毛球～到樹兒上了。,,段村,
詛截,v.,tsʮ3 tɕiʌʔ6,,,,,
荷截,v.,xei3 tɕiʌʔ6,,,,,
舞截,v.,u3 tɕiʌʔ6,,,,,
買倒,v.,mæ3 tɔ3,買（小件物品）,,,,
串倒,v.,tsʰuɒ̃4 tɔ3,遊玩，逛街,,,,
哄倒,v.,xuəŋ3 tɔ3,哄,,,,
折倒,v.,tʂʌʔ5 tɔ3,折騰,,,,
柔倒,v.,ʐəu2 tɔ3,軟磨,,,,錄自《現代晉語的研究》
誇拾,v.,kʰua1 ʂʌʔ6,誇耀,,"言語,",,
逗拾,v.,təu4 ʂʌʔ6,引逗,,,,
信拾,v.,ɕiəŋ4 ʂʌʔ6,放任,,,,
顯拾,v.,ɕiɛ3 ʂʌʔ6,,,,,
攬拾,v.,lɑ̃3 ʂʌʔ6,再娶,,"婚事,",,
攬拾,v.,lɑ̃3 ʂʌʔ6,後妻接管前妻的子女,,"婚事,",,
瞅摸,v.,tʂʰəu3 mʌʔ6,,,,,
踅摸,v.,ɕyʌʔ6 mʌʔ6,,,,,
搞砸,v.,kɔ3 tsʌʔ6,還價,,,,
搗砸,v.,tɔ3 tsʌʔ6,還價,,,,
圪□,v.,kʌʔ6 li2,挠痒痒,,,,前字變調高平
圪□,v.,kʌʔ6 tɑ̃4,拖着,,,,
圪□,v.,kʌʔ6 tsɿ4,等候,,,,
圪□,v.,kʌʔ6 sɿ1,（孩子）不依不饒,,,杜家莊,
圪噎,v.,kʌʔ6 iʌʔ5,稍微停停,,,,
圪遣,v.,kʌʔ6 tɕʰiɛ3,稍微等待,,,,
圪團,v.,kʌʔ6 tuɒ̃2,輕輕團到一起,,,,錄自《現代晉語的研究》
圪挼,v.,kʌʔ6 nuei3,輕輕團到一起,,,"段村,城內",
圪搗,v.,kʌʔ6 tɔ3,,,"抽象,",,
圪惱,v.,kʌʔ6 nɔ3,煩,,,,
圪煩,v.,kʌʔ6 xuɒ̃2,心煩,,,,
圪星,v.,kʌʔ6 sei1,下小雨,,,,
圪射,v.,kʌʔ6 ʂʌʔ6,湊熱鬧，不知羞恥地參與,,,,
圪傗,v.,kʌʔ6 tsʰuʌʔ5,（衣物）褶皺,,,,
圪縮,v.,kʌʔ6 tsʰuʌʔ5,（衣物）縮水,純棉的衣裳一洗就～。,,,
圪縮,v.,kʌʔ6 tsʰuʌʔ5,退縮,兀家碰見個事就曉得往後～，不像個男人。,,,
圪縮,v.,kʌʔ6 tsʰuʌʔ5,人年紀大了身子變小,兀家老的～了，一番兒是個大身子嗼，現在成咾猴個個了。,,,
圪彈,v.,kʌʔ6 tɑ̃2,（腿腳）亂動,,,,
圪搜,v.,kʌʔ6 səu1,悄悄地做动作,,,,
圪搜,v.,kʌʔ6 səu1,感到起鸡皮疙瘩,,,,
圪擻,v.,kʌʔ6 səu3,發抖,,,,
圪咄,v.,kʌʔ6 tuʌʔ5,小聲自言自語,兀家獨自家走的道道上還可<兀個>兒～咧。,,,
圪喃,v.,kʌʔ6 nzɑ̃2,小聲說話,,,,
圪攔,v.,kʌʔ6 lɑ̃2,搗亂以阻攔事情的發展,,,,
圪摳,v.,kʌʔ6 kʰəu1,,,,,
圪藏,v.,kʌʔ6 tɕyə2,,,,,
圪遊,v.,kʌʔ6 iəu2,散步,,,,
圪蹴,v.,kʌʔ6 tɕiəu1,蹲,,,,
圪咂,v.,kʌʔ6 tsʌʔ5,吮吸,,,,錄自《平遙方言民俗語彙》
圪咂,v.,kʌʔ6 tsʌʔ5,（蚊蟲）叮咬,䗣子～莊稼咧。,"農業,",,
圪凳,v.,kʌʔ6 təŋ4,稍微停頓,,,,
圪抽,v.,kʌʔ6 tʂʰəu1,抽搐,,,,
圪抽,v.,kʌʔ6 tʂʰəu1,推辭,,,,錄自《平遙方言民俗語彙》
圪噦,v.,kʌʔ6 ya3,乾嘔,,,,
圪劙,v.,kʌʔ6 li4,割、劃,旋刀刀～。,,,後字段村爲上聲
圪喳,v.,kʌʔ6 tsa1,,,,,
圪攪,v.,kʌʔ6 tɕiɔ3,攪拌（食物）使味道變勻,,,,
圪翻,v.,kʌʔ6 xuɒ̃1,背着人聊天,,,,
卜□,v.,pʌʔ6 ʐɔ4,扔,把這本書快～的遠遠底，不要叫我看見。,,,
卜挲,v.,pʌʔ6 ɕiɛ1,輕輕按撫,,,,一说是“摩挲”
卜叼,v.,pʌʔ6 tiɔ1,,你啊？剗知道個～，就曉不得個收拾。,,,
卜莏,v.,pʌʔ6 sua1,,,,,
卜莏,v.,pʌʔ6 sua1,支配,,,,
卜躺,v.,pʌʔ6 tʰuə3,躺,,,段村,
卜拉,v.,pʌʔ6 la1,,,,,《現代晉語的研究》中认为是“扒”的分音词
卜趿,v.,pʌʔ6 tʰʌʔ5,趿拉,～着對鞋,,,
卜急,v.,pʌʔ6 tɕiʌʔ5,小跑,,,,
活□,v.,xuʌʔ6 ʂʌʔ5,擺動,,,,
活□,v.,xuʌʔ6 tsʌʔ5,把生菜切好後放開水裏過一下,,,,錄自《現代晉語的研究》
活悠,v.,xuʌʔ6 iəu1,晃悠,,,,
活翳,v.,xuʌʔ6 i4,在視線內走動，表示礙眼,,,,
活散,v.,xuʌʔ6 sɑ̃4,出門兜風,,,,
活晾,v.,xuʌʔ6 luə4,透風,,,,
活眨,v.,xuʌʔ6 tsʌʔ5,眼皮一張一合,,,,
活攪,v.,xuʌʔ6 tɕiɔ3,攪動,,,,錄自《平遙方言民俗語彙》
活掀,v.,xuʌʔ6 ɕyɛ1,掀動,,,,
活掀,v.,xuʌʔ6 ɕyɛ1,鼓動，慫恿,,,,
□□,v.,luei3 xu4,留意,,,,段村後字爲 ku3
□□,v.,tʰuʌʔ5 ər4,轉,,,,
□□,v.,suei4 kʰuʌʔ5,,,,杜家莊,《俚語正字音索》中有 tsʰuei kʰuʌʔ
□□,v.,ʂʌʔ5 kʰʌʔ5,訓斥,,,,汾陽爲 ʂəʔ kʰəʔ
□□,v.,kuʌʔ6 luæ3,（嘴部）攪動,,,段村,疑似”拐“的分音詞
□□,v.,tʂʅ2 tʂɑ̃4,搏鬥，反抗,,,段村,
□□,v.,tʂʅ2 tʂɑ̃4,受,,,段村,
□□,v.,iɛ1 zuʌʔ6,正話反說,,"言語,",段村,讀音同“煙入”
□□,v.,i3 tsʰæ3,留意,我就沒啦～。,,段村,讀音同“以采”
□□,v.,kʰuʌʔ5 ləu4,滾動,,,,
□□,v.,tiʌʔ5 kʰua3,調侃,,"言語,與人交互,",,
□□,v.,tiʌʔ6 lia3,撒嬌,,"言語,與人交互,",,
□□,v.,xuʌʔ6 tsʰʮ1,抽動（鼻子）,快不要～你<兀個>鼻子了，有鼻涕就擤咾。,"身體,頭頸,具象,",,
□讗,v.,tɔ3 ɕiʌʔ5,聊天,,,,
□窩,v.,ɕiɛ2 uei1,母狗發情,,,, 錄自《平遙方言民俗語彙》。忻州爲ɕiɛ vɛ，介休/孝義首字爲 ɕia
□動,v.,ɕiəŋ3 tuəŋ4,準備,,,段村,
□達,v.,ti4 tʌʔ6,在思想層面跟隨,兀家就～不上你，你說上個甚，看見兀家應承咧，心裏就沒啦翻開。,,,
□刮,v.,luɒ̃2 kua1,修剪（樹木）,,,,
□爭,v.,tɕiʌʔ6 tʂa1,受忙急，受勞累,,,,
□哄,v.,ʐʌʔ6 xuəŋ3,騙人,,,,
□混,v.,ʐʌʔ5 xuəŋ4,稀里糊塗混熱鬧,,,,
□覺,v.,tɕy3 tɕyʌʔ5,感覺,,,,
□害,v.,tɕʰiʌʔ5 xæ4,暗中搗亂損害,你這卯卯沒啦選上村長，肯保是兀家～的來。,,,首字臨縣爲 tsʰiʌʔ，河曲爲 tɕʰiəʔ，應爲清母深臻曾梗三四等入聲字
□害,v.,tɕʰiʌʔ5 xæ4,搗亂以阻攔事情的發展,我寫作業動兀家老要～我，一陣陣撕給下一陣陣剆給下。,,,首字臨縣爲 tsʰiʌʔ，河曲爲 tɕʰiəʔ，應爲清母深臻曾梗三四等入聲字
□攪,v.,tɕʰiʌʔ5 tɕiɔ3,搗亂以阻攔事情的發展,,,,首字臨縣爲 tsʰiʌʔ，河曲爲 tɕʰiəʔ，應爲清母深臻曾梗三四等入聲字
害□,v.,xæ4 tɕʰiʌʔ5,搗亂以阻攔事情的發展,,,,
編□,v.,piʌʔ5 tɕiʌʔ5,編排，誹謗,,,,後字與 tɕʰiʌʔ5 xæ4 中的首字或許是同一個字
加□,v.,tɕia1 mei2,怂恿鼓动,看看兀家叫<人家>～住了，聽上<人家>二百五底甚也做咧。,,段村,
哄□,v.,xuəŋ3 mei2,用言辭勸說，使人樂意接受,,,,
立□,v.,liʌʔ6 liɛ4,,,,,
立□,v.,liʌʔ6 sa4,晚輩不聽從長輩，要自立門戶,行的你咧，你還敢和我～？,,杜家莊,
整□,v.,tʂʅ3 suʌʔ5,整理,,,,錄自《現代晉語的研究》。後字介休爲 sua，運城爲 pfuo，忻州爲 tsʰuɔʔ，朔州爲 tʂʰuaʔ
修□,v.,ɕiəu1 suɒ̃3,用言語或暴力教訓對方,,,,
咥□,v.,tiʌʔ5 tsʌʔ6,喫，帶有貶義,,,,
咥□,v.,tiʌʔ5 kʰʌʔ5,喫，帶有貶義,,,,
跌□,v.,tiʌʔ5 kʰʌʔ5,（鞋）鬆動,,,,連調爲3 31，與表示“喫”的連調不同
混□,v.,xuəŋ4 ȵiɔ3,混淆,,,,
結□,v.,tɕʰiʌʔ5 iɛ4,收尾,,,,後字段村爲 iɛ，應爲咸山三四等字
倒□,v.,tɔ4 tsʰuəŋ3,在屋內祭鬼神先祖等後，將碗裏的東西倒掉,,"神鬼,",,
倒□,v.,tɔ4 tsʰuəŋ3,傾訴,,,,
倒□,v.,tɔ4 tsʰuəŋ3,丟棄,把兀些爛葉葉～了哇。,,城內,錄自《平遙方言民俗語彙》
灑□,v.,sa3 tsʰuəŋ3,不珍惜漏下的糧食,端的圪節碗還端不穩，～下多少。,,段村,
灑□,v.,sa3 tsʰuəŋ3,不珍惜小數目,三貨居舍有麼人還喇唬，剗平素打麻將的錢兒就不知道～了多少。,,段村,
脱□,v.,tʰuʌʔ5 tʰiɛ3,脱光（衣服）,,,,
剝□,v.,pʌʔ5 tʰiɛ3,剝光（衣服）,,,,
狗□,v.,kəu3 nəŋ2,遊戲裏耍奸,,,,
狗□,v.,kəu3 tsei1,遊戲裏耍賴,,,,
害□,v.,xæ4 tsʰæ1,搗亂,,,,
擠□,v.,tsei3 tsɑ̃3,擠,,,,
摘□,v.,tʂʌʔ5 pi3,停業,,"具象,","段村,王家莊",
趕□,v.,kɑ̃3 iʌʔ6,趕時間，匆忙,,,,
掃□,v.,sɔ3 uei3,掃地,,,段村,
掃簸,v.,sɔ3 pei3,掃地,,,城內,錄自《現代晉語的研究》
喝㘄,v.,xʌʔ5 ləŋ4,用言語阻止，xəŋ4 的分音形式,,,,
胡說,v.,xu2 suʌʔ5,,,,,
鬼說,v.,kuei3 suʌʔ5,,,,,
獨說,v.,tuʌʔ6 suʌʔ5,自言自語,,"言語,具象,",,
白說,v.,piʌʔ6 suʌʔ5,不冠稱呼，直接交談,和<你家>簡爺還敢～，短捱打的咧！,"言語,與人交互,具象,",,
睡說,v.,suei4 suʌʔ5,說夢話,,"言語,具象,",,
說嘴,v.,suʌʔ5 tsuei3,說說而已，沒有實際行動,,"言語,",,
數念,v.,sʮ3 ȵiɛ4,嘮叨,,,,
數話,v.,sʮ3 xua4,數落,張老師又～開他班裏學生了，你這陣陣不要惹兀家去。,"言語,與人交互,具象,",,
數算,v.,sʮ3 suɒ̃4,數落,你等我今黑間回居舍～你的。,"言語,與人交互,具象,",,
詛罵,v.,tsʮ3 ma4,咒罵,,"言語,具象,","城內,段村",
把話,v.,pa3 xua4,主事,你們這兒誰～咧？,"抽象,",,
曉得,v.,ɕiɔ3 tiʌʔ5,知道,你連<這個>也曉得，行咧。,"抽象,",,
掐算,v.,tɕʰiʌʔ5 suɒ̃4,,,,,
彈掙,v.,tɑ̃2 tʂʅɛ1,腿腳亂動，多用於小孩,,"具象,","城內,段村",
踢跳,v.,tʰiʌʔ5 tʰiɔ4,,,,,
磨拖,v.,mei2 tʰei1,磨蹭,,,,
拾鬧,v.,ʂʌʔ6 nɔ4,,,,,
拾掇,v.,ʂʌʔ6 tuʌʔ5,,,,,
打掐,v.,ta3 tɕʰiʌʔ5,,,,,
難過,v.,nɑ̃2 kuei4,來回動，不安分,大半夜不睡覺～甚咧？,,,
燒心,v.,ʂɔ1 ɕiəŋ1,胃難受,,,,
見過,v.,tɕiɛ4 kuei4,見怪,,,,連調爲31 24，與表示“之前曾相見”的連調不同
摳剝,v.,kʰəu1 pʌʔ5,摳搶,,,,
撩逗,v.,liɔ2 təu4,,,,,
引逗,v.,iəŋ3 təu4,,,,,
搬喫,v.,pɑ̃1 tʂʰʌʔ5,在非喫飯時間喫零食,,,,
試當,v.,sɿ4 tuə1,試試,,,,
謀算,v.,mu2 suɒ̃4,,,,,
亂搗,v.,luɒ̃4 tɔ3,搗亂,,,,
摸揣,v.,mʌʔ6 suæ3,摸,,,,
掇踅,v.,tuʌʔ5 ɕyʌʔ6,物色,,,,
揉搓,v.,ʐəu2 tɕʰiɛ1,,,,,
經見,v.,tɕiəŋ1 tɕiɛ4,經歷,世上<這個>事多是個<兀個>，～的多了就解開了。,,,
等當,v.,təŋ3 tuə4,比劃（長度大小等）,,,,
等當,v.,təŋ3 tuə4,動作上猶豫,,,,
等庹,v.,təŋ3 tʰʌʔ5,切磋,咱兩個～～？,,"段村,城內",
起火,v.,tɕʰi3 xuei3,生氣,,,,
味氣,v.,uei4 tɕʰi4,有異味,怎地把窗子多㧁住，鍋舍多～了。,"食物,具象,",,
澌氣,v.,sɿ1 tɕʰi4,（食物）變餿,米湯也～了。,"食物,具象,",,
眼氣,v.,ȵiɑ̃3 tɕʰi4,羨慕,,,,
眼熱,v.,ȵiɑ̃3 ʐʌʔ6,羨慕,,,,
眼紅,v.,ȵiɑ̃3 xuəŋ2,嫉妒,,,,
歇心,v.,ɕiʌʔ5 ɕiəŋ1,放心,你～哇，甚也沒甚，有做的我就要你咧。,"抽象,",,
戳剆,v.,tsʰuʌʔ5 lei3,用暴力教訓,,,,
戳打,v.,tsʰuʌʔ5 ta3,用暴力教訓,,,,
戳斥,v.,tsʰuʌʔ5 tʂʰʌʔ5,虐待,,,,
髒戳,v.,tsɑ̃1 tsʰuʌʔ5,虐待,,,,
戳攮,v.,tsʰuʌʔ5 nzuə3,推,,,,
推攮,v.,tuæ1 nzuə3,推,,,,
坐站,v.,tɕyɛ4 tsɑ̃4,坐着聊聊,,,,
砍槎,v.,kʰɑ̃3 tsa3,扔,,,,
鬧反,v.,nɔ4 xuɒ̃3,鬧騰,,,,
騰倒,v.,təŋ2 tɔ3,,,,,
嬌養,v.,tɕiɔ1 yə3,,,,,
洗涮,v.,sei3 suɒ̃4,洗漱,,,,
洗刮,v.,sei3 kuʌʔ5,,,,,
刷刮,v.,suʌʔ5 kuʌʔ5,,,,,
祭奠,v.,tsei4 tiɛ4,訓斥,,,,
黏確,v.,ɳɑ̃2 tɕʰyʌʔ5,黏,,,,
黏確,v.,ɳɑ̃2 tɕʰyʌʔ5,來往,兀兩家就不～。,,,
耍笑,v.,sua3 ɕiɔ4,開玩笑,,,,
該少,v.,kæ1 ʂɔ3,欠,,,,
少欠,v.,ʂɔ3 tɕʰiɛ4,欠,,,,
背斥,v.,pæ4 tʂʰʌʔ5,背後說壞話,,,,
背損,v.,pæ4 suəŋ3,背後說壞話,,,,
紮裹,v.,tsʌʔ5 kuei3,打扮,,,,
紮刮,v.,tsʌʔ5 kuʌʔ5,打扮,,,,
努胖,v.,nəu3 pʰʌʔ5,小孩在睡着時用力扭動肢體，人們認爲這是孩子在用力長身體,孩兒們～咧,,,
括攬,v.,kuʌʔ5 lɑ̃3,收羅,甚也要～回來,,杜家莊,
䊲學,v.,tsʰuɒ̃3 ɕiʌʔ6,磨練,自家～去哇！,,段村,首字文讀送氣
發賴,v.,xuʌʔ5 læ4,,,,,
問詢,v.,uəŋ4 ɕiəŋ2,詢問,,,,
尋思,v.,ɕiəŋ2 sɿ1,,,,,
搜尋,v.,səu1 ɕiəŋ2,,,,,
尋揣,v.,ɕiəŋ2 suæ3,,,,,
摟攔,v.,ləu2 lɑ̃3,,,,,
摟搜,v.,ləu2 səu1,,,,,
摟挖,v.,ləu2 ua1,,,,,
撈挖,v.,lɔ2 ua2,,,,,錄自《現代晉語的研究》
瞞藏,v.,mɑ̃2 tɕyə2,瞞,,,,錄自《現代晉語的研究》
謀置,v.,mu2 tʂʅ4,,,,,
謀搜,v.,mu2 səu1,,,,,
溫展,v.,uəŋ1 tʂɑ̃3,鋪展,,,,
鋪展,v.,pʰu1 tʂɑ̃3,,,,,
學扮,v.,ɕiʌʔ6 pɑ̃4,模仿,,,,
恓惶,v.,sei1 xuə2,同情,,,,
討愧,v.,tʰɔ3 kʰuei4,同情,,,,
熬磨,v.,ŋɔ2 mei2,消磨（時間）,,,,
塞搙,v.,sʌʔ5 nzuʌʔ6,,把兀些布兒～了哇。,,,『集韻』：女角切，搵也
填搙,v.,tiɛ2 nzuʌʔ6,塞,,,,『集韻』：女角切，搵也
填搙,v.,tiɛ2 nzuʌʔ6,牽連,,,,
填搙,v.,tiɛ2 nzuʌʔ6,隨便喫,,"食物,",,
填搙,v.,tiɛ2 nzuʌʔ6,正頓飯喫了還要喫,,"食物,",,
搓抹,v.,tɕʰiɛ1 mʌʔ6,,,,,
經掌,v.,tɕʰiəŋ1 tʂɑ̃3,,,,,
喝叫,v.,xʌʔ5 tɕiɔ4,,,,,
嗚叫,v.,u1 tɕiɔ4,廣播,,,,
試斅,v.,sɿ4 ɕiɔ3,,,,,
睡訥,v.,suei4 nʌʔ6,夢魘,,,,
訥夢,v.,nʌʔ6 məŋ4,夢魘,,,,
抽扯,v.,tʂʰəu1 tʂʰʅɛ3,抽调,,,,
齫咬,v.,kʰuəŋ3 ȵiɔ3,,,,,
捏湊,v.,ȵiʌʔ6 tsʰəu4,湊合,,,,
殺割,v.,sʌʔ5 kʌʔ5,把剩下不多的東西處置掉,不多了，你～了哇。,,,
打發,v.,ta3 xuʌʔ5,派遣,～上兀家去北京了。,,,
打發,v.,ta3 xuʌʔ5,出喪,,,,
發送,v.,xuʌʔ5 suəŋ4,送走，打發走，有貶義,,,,
支使,v.,tsɿ1 sɿ3,使喚,大人們不～孩兒們麼，兀家們就能有了眼識自家在居舍尋着做活計？,,,
支擋,v.,tsɿ1 tuə3,做好準備,這些子人～在這兒麼，你又不了。,,段村,
上快,v.,suə4 kʰuæ4,取笑他人的不幸,,,,
拿把,v.,na4 pa3,故意爲難人,你不用～，我做咧。,,,
拽拔,v.,tsuæ4 pʌʔ6,拽,把衣裳～展。,,,
拽扯,v.,tsuæ4 tʂʰʅɛ3,拽,,,,
丟盹,v.,tiəu3 tiəŋ3,打盹,,,,
打攬,v.,ta3 lɑ̃3,兜攬,,,城內,錄自《平遙方言民俗語彙》
打攬,v.,ta3 lɑ̃3,打攪阻擋,我要做甚的來，叫兀家半道道上～住了。,,段村,
打遣,v.,ta3 tɕʰiɛ3,將就,,,城內,錄自《平遙方言民俗語彙》
脫剝,v.,tʰuʌʔ5 pʌʔ5,,,,,
脫遣,v.,tʰuʌʔ5 tɕʰiɛ3,將就,,,段村,
擺搚,v.,pæ3 lʌʔ6,擺放,,,,後字忻縣爲 lɑʔ，應爲來母咸山攝一等開入
擺摋,v.,pæ3 sæ3,拖延,,,,
滅落,v.,miʌʔ6 lʌʔ6,使（動物）失去生命,,,段村,
下落,v.,xa4 lʌʔ6,相互適應,你在居舍甚也不做，趕去了人家兀兒能～了？,,段村,
湊忙,v.,tsʰəu4 mɔ2,湊熱鬧,,,,
培人,v.,pei2 ʐəŋ2,舉行葬禮,,"喪事,",,
刺惱,v.,tsʰɿ4 nɔ3,,,,,
許算,v.,ɕy3 suɒ̃4,承諾,,,段村,
應承,v.,iəŋ4 tʂʰəŋ2,承諾,,,,
掏攪,v.,,鑽空子占便宜,,,,
掏騰,v.,,鑽空子占便宜,,,,
爭鬥,v.,tsəŋ1 təu4,爭取，要求,,,,
刮砍,v.,kua1 kɑ̃3,啃老,就曉得～老人,,段村,
下氣,v.,xa4 tɕʰi4,使勁，用力,,,,
下功,v.,xa4 kuəŋ1,下功夫,,,,
下苦,v.,xa4 kʰu3,下功夫,,,,
荷心,v.,xei3 ,用心，也說「荷心勁」,,,,
揚砍,v.,yə2 kʰɑ̃3,,,,,
提教,v.,ti2 tɕiɔ1,教,,,,
滾纏,v.,kuəŋ3 tʂɑ̃2,,,,,
打顫,v.,ta3 tʂɑ̃4,顫抖,,,,
買哄,v.,mæ3 xuəŋ3,,,,,
擓哄,v.,kʰuæ3 xuəŋ3,,,,,
指望,v.,tsɿ3 uə4,,,,,
要鬧,v.,iɔ1 nɔ4,,,,,
沾掛,v.,tʂɑ̃1 kua4,惦記,,,,
紮點,v.,tsʌʔ tiɛ3,攢點,,,,
攢點,v.,tsɑ̃3 tiɛ3,統計，檢查,,,,
攢點,v.,tsɑ̃3 tiɛ3,數落,,,,
拍侃,v.,pʰiʌʔ5 kʰɑ̃3,,,,,
翻騰,v.,xuɒ̃1 təŋ2,翻,,,,後字變調上聲
翻騰,v.,xuɒ̃1 təŋ2,理解,,,,後字變調上聲
抓搲,v.,tsua1 ua3,,,,,
貼喂,v.,tʰiʌʔ5 y4,向放牧的牲畜喂額外的飼料,,,,
冒詐,v.,mɔ4 tsa4,沒根據地欺詐,,,段村,
結記,v.,tɕiʌʔ5 tɕi4,牽掛,,,,首字變調陽入
拾記,v.,ʂʌʔ6 tɕi4,,就不～着給你做,,,
思謀,v.,sɿ1 mu4,,,,,
接承,v.,tɕiʌʔ5 tʂʰəŋ2,接手,,,,
抬掇,v.,tæ2 tuʌʔ5,照料,細細～兀家,,,
支凳,v.,tsɿ1 təŋ4,勉力支撐,,,,
了小,v.,liɔ3 ɕiɔ3,解決，翻篇,,,,
下噯,v.,xa4 ŋæ4,打哈欠,,,,
剜眼,v.,uɒ̃1 ȵiɑ̃3,白眼,,,,
拖扯,v.,tʰei1 tʂʅɛ3,,,,,
扶拖,v.,xu2 tʰei1,,兀家恓惶的沒辦法，你～～兀家。,,,
加進,v.,tɕia1 tɕiəŋ4,熱情招待,,,段村,
誇拍,v.,kʰua1 pʰiʌʔ5,誇耀,,"言語,",,
捏掇,v.,ȵiʌʔ6 tuʌʔ5,捏,,,,
剆動,v.,lei3 tuəŋ4,觸碰,,,,
撲射,v.,pʰʌʔ5 ʂʌʔ6,往別人那裏湊,,,,
剔沙,v.,tʰiʌʔ5 sa4,篩選,,,,
盯對,v.,tiəŋ1 tuæ4,修訂校對,,,,
遊散,v.,iəu2 sɑ̃4,出門散步轉悠,,,,
嚇唬,v.,xa4 xu3,使害怕,,,,
詐唬,v.,tsa4 xu3,欺騙嚇唬,,,,
謹讓,v.,tɕiəŋ3 ʐɑ̃4,,,,,
讓番,v.,ʐɑ̃4 xuɒ̃1,,,,,
吃殼,v.,tɕiʌʔ5 kʰʌʔ5,結巴,,,,
教扳,v.,tɕiɔ1 pɑ̃3,,,,,
分付,v.,xuəŋ1 xu5,,,,,
託付,v.,tʰʌʔ5 xu5,,,,,
委付,v.,i3 xu5,留意,,,,
委託,v.,i3 tʰʌʔ5,,,,,
安頓,v.,ŋɑ̃1 tuəŋ3,,,,,
安排,v.,ŋɑ̃1 pæ3,,,,,
趏達,v.,kuʌʔ5 tʌʔ6,閒逛，貶義,,,,
執受,v.,tʂʌʔ5 ʂəu4,承受,,,段村,
澎撐,v.,pʰia4 tʂʰa3,液體溢出容器灑到外面,,,,
乖洗,v.,kuæ1 sei3,打,,,,
折摞,v.,tʂʌʔ5 lei3,收羅整理,把你<兀個>家當～～了哇麼。,,,段村後字爲 luei3
整摞,v.,tʂʅ3 lei3,,,,城內,
攪挑,v.,tɕiɔ3 tʰiɔ3,,,,,
插湊,v.,tsʰʌʔ5 tsʰəu4,四處借錢,,,,
填補,v.,tiɛ2 pu3,隨便喫,,,段村,
訓嗆,v.,ɕyəŋ4 tɕʰyə4,,,,,
刮洗,v.,kuʌʔ5 sei3,打,,,,
刮洗,v.,kuʌʔ5 sei3,殺割,,,,
走盞,v.,tsəu3 tsɑ̃3,地形塌陷,,"自然現象,土地,具象,",,
走盞,v.,tsəu3 tsɑ̃3,（人或事情）發展走樣,,,,
走盞,v.,tsəu3 tsɑ̃3,（人）快入土,,,段村,
寄付,v.,tɕi4 xu4,寄存,,"與物交互,具象,",,
寄付,v.,tɕi4 xu4,藏,好忘八兒的六五兒，把我的東西～轉了。,"與物交互,具象,",段村,
作踏,v.,tsʌʔ5 tʰʌʔ5,糟蹋,,,,
作敵,v.,tsʌʔ5 tiʌʔ6,對着幹,,,,
躲對,v.,tuei3 tuæ4,打對,<咱家>胃可好，就～着少喝上圪絲酒。,,杜家莊,
躲閃,v.,tuei3 ʂɑ̃3,打對,我倒是緊着～了，出門子也多揞上口罩兒，還是惹上了。,,,
鬧扮,v.,nɔ4 xæ3,,,,,『集韻』：虎買切，亂也
扮鬧,v.,xæ3 nɔ4,,,,,『集韻』：虎買切，亂也
做造,v.,tsuʌʔ5 tsɔ4,,,,,
摳搜,v.,kʰəu1 səu1,,,,,
剋扣,v.,kʰʌʔ5 kʰəu4,扣減應該發給別人的財物,,,,
長心,v.,tsuə3 ɕiəŋ1,用心,做甚得～咧,,,
鬼搜,v.,kuei3 səu1,,,,,
鬼撲,v.,kuei3 pʰʌʔ5,干擾，貶義,,,,
覺見,v.,tɕyʌʔ5 tɕiɛ4,覺得,,,,
覺怕,v.,tɕyʌʔ5 pʰa4,害怕,,,,
累堆,v.,luei3 tuæ1,積攢，多用於不好的事情,,,,
佔摟,v.,tʂɑ̃4 ləu3,,,,,
思忖,v.,sɿ1 tsʰuəŋ4,思量,,,,
計忖,v.,tɕi4 tsʰuəŋ4,,,,,
辯詭,v.,piɛ4 kuei3,說謊,,,,
訛騙,v.,ŋiɛ2 piɛ4,,,,,
提抬,v.,ti2 tʰæ2,（雙方）可以勢均力敵，可以相匹配,,,,
攢勁,v.,tsɑ̃3 tɕiəŋ4,使勁,,,,
跌斷,v.,tiʌʔ5 tuɒ̃4,中斷使得能力丟失或下降,我練了十來年拳來，不過後背上了班兒就～了。,,,
跌脫,v.,tiʌʔ5 tʰuʌʔ5,中斷使得能力丟失或下降,我練了十來年拳來，不過後背上了班兒就～了。,,,
放橫,v.,xuə4 ɕyɛ2,放鬆,,,,
捉鱉,v.,tsuʌʔ5 piʌʔ5,哄騙,,,,
砸牙,v.,tsʌʔ6 ȵia2,喫食塞牙縫,,,,
上喏,v.,suə4 ʐʅɛ3,作揖,,,,
起草,v.,tɕʰi3 tsʰɔ3,（母畜）發情,,"動物,",,
耍水,v.,sua3 suei3,游泳,,,,
跪膝,v.,kʰuei4 ɕiʌʔ5,,,,,
陪隨,v.,pæ2 ɕy2,隨身拿着,你～着零錢兒咧不？,,段村,
乾渴,v.,kɑ̃1 kʰʌʔ5,渴,,,,
怪意,v.,kʰuæ4 i4,責怪,,,段村,
搭套,v.,tʌʔ5 tʰɔ4,合拍,,,,
立落,v.,liʌʔ6 lʌʔ6,抚养,,,,
打帮,v.,ta3 pɔ1,帮忙，调停,,,,
精明,v.,tsei1 mi2,明白，清醒,刚阵阵还看见你睡得呔呼底麽，倒～了？,,,
料涮,v.,liɔ4 suɒ̃4,訓斥,,,,
拴套,v.,suɒ̃1 tʰɔ4,,,,,
辦置,v.,pɑ̃4 tʂʅ4,置辦,,,,
置務,v.,tʂʅ4 u4,置辦,,,,
影苫,v.,i3 ʂɑ̃4,,,,,
蹅蛋,v.,tsa1 tɑ̃4,鳥禽交配,,"動物,",,
祈禱,v.,tɕʰiʌʔ5 tɔ3,向神祝告求福,,,,
寄培,v.,tɕi4 pæ2,葬在非正式墓穴,,"喪事,",,
合葬,v.,kʌʔ6 tɕyə4,葬在一個墓穴,,,,
合穴,v.,kʌʔ6 ɕyʌʔ6,葬在一個墓穴,,,,
照護,v.,tʂɔ4 xu4,照料,～住<你家>大爺,,,首字變調陽平
跌歇,v.,tiʌʔ5 ɕiʌʔ5,休息,,,,清徐爲 tiaʔ ɕiaʔ
葺理,v.,tɕʰiʌʔ5 li3,收拾整理,,,,後字段村爲 lei3
葺理,v.,tɕʰiʌʔ5 li3,收養，撫養,,,,後字段村爲 lei3
待見,v.,tæ4 tɕiɛ4,喜歡,,,,
後嫁,v.,xəu4 tɕia4,改嫁,,"婚事,",,
重婚,v.,tsuəŋ2 xuəŋ1,第二次結婚,,"婚事,",,
續親,v.,ɕyʌʔ6 tɕʰiəŋ1,和已亡故妻子的妹妹結婚,,"婚事,",,
恢婚,v.,xuæ3 xuəŋ1,復婚,,"婚事,",,
管媒,v.,kuɒ̃3 mæ2,提親,,"婚事,",,
上頭,v.,suə4 təu2,給童養媳圓房,,"婚事,",,
報禮,v.,pɔ4 li3,紅白事時給主家送禮錢,,"婚事,喪事,生日,",,
上禮,v.,suə4 li3,紅白事時給主家送禮錢,,"婚事,喪事,生日,",,
道喜,v.,tɔ4 ɕi3,,,"婚事,",,
貢獻,v.,kuəŋ4 ɕiɛ4,祭祀,,"神鬼,",,
祭星,v.,tsei4 sei1,正月初八晚上祭祀星辰,,"神鬼,",,
謝土,v.,ɕiɛ4 tʰu3,動土時供獻土地爺,,"神鬼,",,
請土,v.,tɕʰiəŋ3 tʰu3,在土坡上取土，用升盛回家，謝土時把土地爺牌位插到土上頭,,"神鬼,",,
送土,v.,suəŋ4 tʰu3,謝土後，把升裏頭的土再送回原處,,"神鬼,",,
裝裹,v.,tsuə1 kuei3,（給死者）穿衣服,,"喪事,",,
裝穿,v.,tsuə1 tsʰuɒ̃1,（給死者）穿衣服,,"喪事,",段村,
折疊,v.,tʂʌʔ5 tiʌʔ6,嚴重地懲罰,你看祖娘們不～煞你！,,段村,
橫凳,v.,ɕyɛ2 təŋ4,,,,段村,
𧰵點,v.,tuʌʔ5 tiɛ3,指點,,,,
捾挑,v.,uʌʔ5 tʰiɔ3,,,,,
賞欣,v.,ʂɑ̃3 ɕiəŋ1,,,,,
磑挪,v.,uæ2 nei2,（屁股坐着）挪動,,,,
顛倒,v.,tiɛ1 tɔ3,搗亂損害,,,杜家莊,
挨對,v.,ŋæ1 tuæ4,親近,,,,
少亡,v.,ʂɔ4 uə2,（年輕人）去世,,,,錄自《平遙方言民俗語彙》
拉拔,v.,la1 pʌʔ6,提攜,<這個>孩兒是他大爺～出去的。,,,錄自《平遙方言民俗語彙》
凳掯,v.,təŋ4 kʰəŋ4,停顿,怎地～住不做了？,,,錄自《平遙方言民俗語彙》
結挽,v.,ɕiʌʔ5 uɒ̃3,結束,～了哇，不用再鬧了。,,,錄自《平遙方言民俗語彙》。首字變調陽入
打折,v.,ta3 tʂʌʔ5,把幹的活兒收拾起來,,,,錄自《平遙方言民俗語彙》
添擺,v.,tʰiɛ1 pæ3,添置,,,,錄自《平遙方言民俗語彙》
圓辯,v.,yɛ2 piɛ4,開脫,,,,錄自《現代晉語的研究》
貽誤,v.,i2 u4,耽誤,,,,錄自《現代晉語的研究》
牽心,v.,tɕʰiɛ1 ɕiəŋ1,掛記,,,,錄自《現代晉語的研究》
道起,v.,tɔ4 tɕʰi3,傳話,,,,錄自《現代晉語的研究》
起坐,v.,tɕʰi3 tɕyɛ4,交際，來往,,,,錄自《現代晉語的研究》
吼叫,v.,xəu3 tɕiɔ4,召喚,,,,錄自《現代晉語的研究》
紮綁,v.,tsʌʔ5 pɔ3,捆綁,,,,錄自《現代晉語的研究》
豁挑,v.,xuʌʔ5 tʰiɔ3,攪和,,,,錄自《現代晉語的研究》
過唱,v.,kuei4 tʂʰɑ̃4,夏收後村裏演戲,,,,錄自《現代晉語的研究》
買喜,v.,mæ3 ɕi3,被人好言奉承，和“戴高帽子”的意思相仿,,,,錄自《現代晉語的研究》
撲紅,v.,pʰʌʔ5 xuəŋ2,（臉）發燙,,,,錄自《現代晉語的研究》
納夢,v.,nʌʔ6 məŋ4,夢魘,～住了,,段村,
窄约,v.,tʂʌʔ5 yʌʔ5,控制,你～住些，不敢盡撐撐底喝酒。,,,
說道,v.,suʌʔ5 tɔ4,聊天,,,杜家莊,
承荷,v.,ʂʅ2 xei1,承受,,,,聲調存疑，《平遙方言民俗語彙》記首字爲去聲
端駁,v.,tuɒ̃1 pʌʔ6,審視,,,"城內,王家莊",聲調存疑
叮嚀,v,tiəŋ1 iəŋ4,叮囑,,,,聲調存疑
眊瞭,v.,mɔ1 liɔ4,探望,,,,聲調存疑
眊瞧,v.,mɔ1 tɕʰiɔ3,,,,,聲調存疑
覺慌,v.,tɕyʌʔ5 xuə2,緊張,,,,聲調存疑
磨叨,v.,mei4 tɔ1,,,,,聲調存疑
吞山,v.,tʰəŋ1 sɑ̃1,喫，帶有貶義,,,段村,變調存疑
日散,v.,ʐʌʔ6 sɑ̃4,喫，帶有貶義,,,段村,後字聲調存疑
提明,v.,tʰi2 mi2,,,,,前字送氣存疑
跑跳,v.,pʰɔ3 tʰiɔ4,,,,城內,後字變調上聲
扶持,v.,xu2 tʂʰʅ2,,,,,後字變調上聲
通刮,v.,tʰuəŋ1 kua1,修剪（樹木）,,,,變調同陽平+平聲
賠告,v.,pæ2 kɔ4,求饒,,,,變調同陰平+去聲
搽抹,v.,tsa2 mei3,（往臉上）塗抹,,,,變調如同陰平+上聲
搽抹,v.,tsa2 mei3,正話反說,,,段村,變調如同陰平+上聲
搽畫,v.,tsa2 mei3,正話反說,,,段村,變調存疑
拔捋,v.,pʌʔ6 lyʌʔ6,捋,,,,後字變調陰入
拔勞,v.,pʌʔ6 lɔ2,掙扎、撲騰,在河當中～咧,,,錄自《平遙方言民俗語彙》
拔落,v.,pʌʔ6 lʌʔ6,妨礙,,,,首字聲調存疑
喋涼,v.,tiʌʔ5 luə2,說怪話,,,,錄自《平遙方言民俗語彙》。變調存疑
骨羅,v.,kuʌʔ5 lei2,躺,,,,變調存疑
希圖,v.,ɕi1 tʰu2,,,,,變調存疑
